{
  "timestamp": "2025-09-09T20:33:28.827983",
  "portfolio_metrics": {
    "total_positions": 4,
    "positions_with_stops": 4,
    "total_at_risk": 135.83238,
    "weighted_avg_stop_distance": 0.13011673440096477,
    "trailing_stops_active": 2,
    "initial_stops_active": 2,
    "closest_stop_distance": 0.12000000000000002,
    "furthest_stop_distance": 0.15308787346221434,
    "portfolio_risk_pct": 13.011673440096477
  },
  "position_analysis": {
    "CRNX": {
      "current_price": 36.5,
      "entry_price": 32.5,
      "stop_level": 32.12,
      "stop_type": "trailing",
      "gain_from_entry_pct": 12.307692307692308,
      "distance_to_stop_pct": 12.000000000000007,
      "distance_to_stop_dollars": 4.380000000000003,
      "highest_price": 36.5,
      "max_gain_pct": 12.307692307692308,
      "trailing_activated": true,
      "stop_protection_pct": -1.169230769230777,
      "risk_level": "LOW"
    },
    "STRL": {
      "current_price": 286.69,
      "entry_price": 286.0,
      "stop_level": 248.82,
      "stop_type": "initial",
      "gain_from_entry_pct": 0.24125874125874047,
      "distance_to_stop_pct": 13.209389933377516,
      "distance_to_stop_dollars": 37.870000000000005,
      "highest_price": 286.71,
      "max_gain_pct": 0.2482517482517411,
      "trailing_activated": false,
      "stop_protection_pct": -13.000000000000004,
      "risk_level": "LOW"
    },
    "OTEX": {
      "current_price": 34.22,
      "entry_price": 30.49,
      "stop_level": 30.113599999999998,
      "stop_type": "trailing",
      "gain_from_entry_pct": 12.233519186618565,
      "distance_to_stop_pct": 12.000000000000002,
      "distance_to_stop_dollars": 4.106400000000001,
      "highest_price": 34.22,
      "max_gain_pct": 12.233519186618565,
      "trailing_activated": true,
      "stop_protection_pct": -1.2345031157756652,
      "risk_level": "LOW"
    },
    "ZION": {
      "current_price": 56.9,
      "entry_price": 55.39,
      "stop_level": 48.1893,
      "stop_type": "initial",
      "gain_from_entry_pct": 2.7261238490702255,
      "distance_to_stop_pct": 15.308787346221434,
      "distance_to_stop_dollars": 8.710699999999996,
      "highest_price": 57.02,
      "max_gain_pct": 2.9427694529698547,
      "trailing_activated": false,
      "stop_protection_pct": -12.999999999999995,
      "risk_level": "LOW"
    }
  },
  "alerts": [],
  "historical_performance": {}
}