{
  "timestamp": "2025-09-09T14:25:44.733982",
  "portfolio_metrics": {
    "total_positions": 4,
    "positions_with_stops": 4,
    "total_at_risk": 134.61146,
    "weighted_avg_stop_distance": 0.13067747473474875,
    "trailing_stops_active": 2,
    "initial_stops_active": 2,
    "closest_stop_distance": 0.11999999999999998,
    "furthest_stop_distance": 0.15487022097509645,
    "portfolio_risk_pct": 13.067747473474878
  },
  "position_analysis": {
    "CRNX": {
      "current_price": 35.14,
      "entry_price": 32.5,
      "stop_level": 30.9232,
      "stop_type": "trailing",
      "gain_from_entry_pct": 8.123076923076924,
      "distance_to_stop_pct": 11.999999999999998,
      "distance_to_stop_dollars": 4.216799999999999,
      "highest_price": 35.14,
      "max_gain_pct": 8.123076923076924,
      "trailing_activated": true,
      "stop_protection_pct": -4.8516923076923035,
      "risk_level": "LOW"
    },
    "STRL": {
      "current_price": 286.71,
      "entry_price": 286.0,
      "stop_level": 248.82,
      "stop_type": "initial",
      "gain_from_entry_pct": 0.2482517482517411,
      "distance_to_stop_pct": 13.215444177043,
      "distance_to_stop_dollars": 37.889999999999986,
      "highest_price": 286.71,
      "max_gain_pct": 0.2482517482517411,
      "trailing_activated": false,
      "stop_protection_pct": -13.000000000000004,
      "risk_level": "LOW"
    },
    "OTEX": {
      "current_price": 33.79,
      "entry_price": 30.49,
      "stop_level": 29.7352,
      "stop_type": "trailing",
      "gain_from_entry_pct": 10.823220728107579,
      "distance_to_stop_pct": 12.000000000000002,
      "distance_to_stop_dollars": 4.0548,
      "highest_price": 33.79,
      "max_gain_pct": 10.823220728107579,
      "trailing_activated": true,
      "stop_protection_pct": -2.475565759265331,
      "risk_level": "LOW"
    },
    "ZION": {
      "current_price": 57.02,
      "entry_price": 55.39,
      "stop_level": 48.1893,
      "stop_type": "initial",
      "gain_from_entry_pct": 2.9427694529698547,
      "distance_to_stop_pct": 15.487022097509644,
      "distance_to_stop_dollars": 8.8307,
      "highest_price": 57.02,
      "max_gain_pct": 2.9427694529698547,
      "trailing_activated": false,
      "stop_protection_pct": -12.999999999999995,
      "risk_level": "LOW"
    }
  },
  "alerts": [],
  "historical_performance": {}
}