{
  "timestamp": "2025-09-11T20:44:47.371743",
  "portfolio_metrics": {
    "total_positions": 4,
    "positions_with_stops": 4,
    "total_at_risk": 138.6036608,
    "weighted_avg_stop_distance": 0.13060983722034025,
    "trailing_stops_active": 3,
    "initial_stops_active": 1,
    "closest_stop_distance": 0.12,
    "furthest_stop_distance": 0.1617254669433738,
    "portfolio_risk_pct": 13.060983722034026
  },
  "position_analysis": {
    "CRNX": {
      "current_price": 33.73,
      "entry_price": 32.5,
      "stop_level": 28.275,
      "stop_type": "initial",
      "gain_from_entry_pct": 3.784615384615375,
      "distance_to_stop_pct": 16.17254669433738,
      "distance_to_stop_dollars": 5.454999999999998,
      "highest_price": 36.5,
      "max_gain_pct": 12.307692307692308,
      "trailing_activated": false,
      "stop_protection_pct": -13.000000000000004,
      "risk_level": "LOW"
    },
    "STRL": {
      "current_price": 316.16,
      "entry_price": 286.0,
      "stop_level": 278.2208,
      "stop_type": "trailing",
      "gain_from_entry_pct": 10.545454545454554,
      "distance_to_stop_pct": 12.000000000000007,
      "distance_to_stop_dollars": 37.93920000000003,
      "highest_price": 316.16,
      "max_gain_pct": 10.545454545454554,
      "trailing_activated": true,
      "stop_protection_pct": -2.720000000000001,
      "risk_level": "LOW"
    },
    "OTEX": {
      "current_price": 35.25,
      "entry_price": 30.49,
      "stop_level": 31.02,
      "stop_type": "trailing",
      "gain_from_entry_pct": 15.611675959330935,
      "distance_to_stop_pct": 12.000000000000002,
      "distance_to_stop_dollars": 4.23,
      "highest_price": 35.25,
      "max_gain_pct": 15.611675959330935,
      "trailing_activated": true,
      "stop_protection_pct": 1.7382748442112204,
      "risk_level": "LOW"
    },
    "ZION": {
      "current_price": 58.26,
      "entry_price": 55.39,
      "stop_level": 51.2688,
      "stop_type": "trailing",
      "gain_from_entry_pct": 5.181440693265928,
      "distance_to_stop_pct": 12.0,
      "distance_to_stop_dollars": 6.991199999999999,
      "highest_price": 58.26,
      "max_gain_pct": 5.181440693265928,
      "trailing_activated": true,
      "stop_protection_pct": -7.440332189925983,
      "risk_level": "LOW"
    }
  },
  "alerts": [],
  "historical_performance": {}
}