{
  "timestamp": "2025-09-15T00:11:38.502183",
  "portfolio_metrics": {
    "total_positions": 4,
    "positions_with_stops": 4,
    "total_at_risk": 107.15873719999999,
    "weighted_avg_stop_distance": 0.1006027507027606,
    "trailing_stops_active": 3,
    "initial_stops_active": 1,
    "closest_stop_distance": 0.07235668383537172,
    "furthest_stop_distance": 0.1683823529411765,
    "portfolio_risk_pct": 10.060275070276061
  },
  "position_analysis": {
    "CRNX": {
      "current_price": 34.0,
      "entry_price": 32.5,
      "stop_level": 28.275,
      "stop_type": "initial",
      "gain_from_entry_pct": 4.615384615384616,
      "distance_to_stop_pct": 16.838235294117652,
      "distance_to_stop_dollars": 5.725000000000001,
      "highest_price": 36.5,
      "max_gain_pct": 12.307692307692308,
      "trailing_activated": false,
      "stop_protection_pct": -13.000000000000004,
      "risk_level": "LOW"
    },
    "STRL": {
      "current_price": 313.555,
      "entry_price": 286.0,
      "stop_level": 290.8672,
      "stop_type": "trailing",
      "gain_from_entry_pct": 9.634615384615387,
      "distance_to_stop_pct": 7.235668383537172,
      "distance_to_stop_dollars": 22.68779999999998,
      "highest_price": 316.16,
      "max_gain_pct": 10.545454545454554,
      "trailing_activated": true,
      "stop_protection_pct": 1.7018181818181908,
      "risk_level": "LOW"
    },
    "OTEX": {
      "current_price": 35.68,
      "entry_price": 30.49,
      "stop_level": 32.8256,
      "stop_type": "trailing",
      "gain_from_entry_pct": 17.02197441784192,
      "distance_to_stop_pct": 7.999999999999995,
      "distance_to_stop_dollars": 2.8543999999999983,
      "highest_price": 35.68,
      "max_gain_pct": 17.02197441784192,
      "trailing_activated": true,
      "stop_protection_pct": 7.660216464414573,
      "risk_level": "LOW"
    },
    "ZION": {
      "current_price": 58.42,
      "entry_price": 55.39,
      "stop_level": 53.7464,
      "stop_type": "trailing",
      "gain_from_entry_pct": 5.470301498465429,
      "distance_to_stop_pct": 8.0,
      "distance_to_stop_dollars": 4.6736,
      "highest_price": 58.42,
      "max_gain_pct": 5.470301498465429,
      "trailing_activated": true,
      "stop_protection_pct": -2.967322621411806,
      "risk_level": "LOW"
    }
  },
  "alerts": [],
  "historical_performance": {}
}