{
  "timestamp": "2025-09-12T23:16:09.679629",
  "portfolio_metrics": {
    "total_positions": 4,
    "positions_with_stops": 4,
    "total_at_risk": 138.97649080000002,
    "weighted_avg_stop_distance": 0.1304738896969468,
    "trailing_stops_active": 3,
    "initial_stops_active": 1,
    "closest_stop_distance": 0.11268900192948608,
    "furthest_stop_distance": 0.1683823529411765,
    "portfolio_risk_pct": 13.047388969694678
  },
  "position_analysis": {
    "CRNX": {
      "current_price": 34.0,
      "entry_price": 32.5,
      "stop_level": 28.275,
      "stop_type": "initial",
      "gain_from_entry_pct": 4.615384615384616,
      "distance_to_stop_pct": 16.838235294117652,
      "distance_to_stop_dollars": 5.725000000000001,
      "highest_price": 36.5,
      "max_gain_pct": 12.307692307692308,
      "trailing_activated": false,
      "stop_protection_pct": -13.000000000000004,
      "risk_level": "LOW"
    },
    "STRL": {
      "current_price": 313.555,
      "entry_price": 286.0,
      "stop_level": 278.2208,
      "stop_type": "trailing",
      "gain_from_entry_pct": 9.634615384615387,
      "distance_to_stop_pct": 11.268900192948609,
      "distance_to_stop_dollars": 35.33420000000001,
      "highest_price": 316.16,
      "max_gain_pct": 10.545454545454554,
      "trailing_activated": true,
      "stop_protection_pct": -2.720000000000001,
      "risk_level": "LOW"
    },
    "OTEX": {
      "current_price": 35.68,
      "entry_price": 30.49,
      "stop_level": 31.3984,
      "stop_type": "trailing",
      "gain_from_entry_pct": 17.02197441784192,
      "distance_to_stop_pct": 12.000000000000002,
      "distance_to_stop_dollars": 4.281600000000001,
      "highest_price": 35.68,
      "max_gain_pct": 17.02197441784192,
      "trailing_activated": true,
      "stop_protection_pct": 2.9793374877008865,
      "risk_level": "LOW"
    },
    "ZION": {
      "current_price": 58.42,
      "entry_price": 55.39,
      "stop_level": 51.409600000000005,
      "stop_type": "trailing",
      "gain_from_entry_pct": 5.470301498465429,
      "distance_to_stop_pct": 11.999999999999995,
      "distance_to_stop_dollars": 7.010399999999997,
      "highest_price": 58.42,
      "max_gain_pct": 5.470301498465429,
      "trailing_activated": true,
      "stop_protection_pct": -7.186134681350417,
      "risk_level": "LOW"
    }
  },
  "alerts": [],
  "historical_performance": {}
}