{
  "timestamp": "2025-09-10T20:33:30.416900",
  "portfolio_metrics": {
    "total_positions": 4,
    "positions_with_stops": 4,
    "total_at_risk": 127.49091440000001,
    "weighted_avg_stop_distance": 0.12073144796905858,
    "trailing_stops_active": 3,
    "initial_stops_active": 1,
    "closest_stop_distance": 0.08228571428571436,
    "furthest_stop_distance": 0.16886340117281812,
    "portfolio_risk_pct": 12.07314479690586
  },
  "position_analysis": {
    "CRNX": {
      "current_price": 35.0,
      "entry_price": 32.5,
      "stop_level": 32.12,
      "stop_type": "trailing",
      "gain_from_entry_pct": 7.6923076923076925,
      "distance_to_stop_pct": 8.228571428571437,
      "distance_to_stop_dollars": 2.8800000000000026,
      "highest_price": 36.5,
      "max_gain_pct": 12.307692307692308,
      "trailing_activated": true,
      "stop_protection_pct": -1.169230769230777,
      "risk_level": "LOW"
    },
    "STRL": {
      "current_price": 301.13,
      "entry_price": 286.0,
      "stop_level": 264.9944,
      "stop_type": "trailing",
      "gain_from_entry_pct": 5.290209790209788,
      "distance_to_stop_pct": 12.000000000000004,
      "distance_to_stop_dollars": 36.13560000000001,
      "highest_price": 301.13,
      "max_gain_pct": 5.290209790209788,
      "trailing_activated": true,
      "stop_protection_pct": -7.344615384615389,
      "risk_level": "LOW"
    },
    "OTEX": {
      "current_price": 35.11,
      "entry_price": 30.49,
      "stop_level": 30.8968,
      "stop_type": "trailing",
      "gain_from_entry_pct": 15.15250901935061,
      "distance_to_stop_pct": 12.000000000000002,
      "distance_to_stop_dollars": 4.2132000000000005,
      "highest_price": 35.11,
      "max_gain_pct": 15.15250901935061,
      "trailing_activated": true,
      "stop_protection_pct": 1.3342079370285356,
      "risk_level": "LOW"
    },
    "ZION": {
      "current_price": 57.98,
      "entry_price": 55.39,
      "stop_level": 48.1893,
      "stop_type": "initial",
      "gain_from_entry_pct": 4.675934284166811,
      "distance_to_stop_pct": 16.88634011728181,
      "distance_to_stop_dollars": 9.790699999999994,
      "highest_price": 57.98,
      "max_gain_pct": 4.675934284166811,
      "trailing_activated": false,
      "stop_protection_pct": -12.999999999999995,
      "risk_level": "LOW"
    }
  },
  "alerts": [],
  "historical_performance": {}
}